<configs>
	<insertBefore xpath="/buffs/buff[@name='buffStatusCheck01']">
		<buff name="buffSunBurningControl" hidden="true" remove_on_death="false"> 
			<update_rate value="0.1"/>
			<effect_group>
				<!-- Deadly Sunlight Effect -->
				<triggered_effect trigger="onSelfBuffUpdate" action="AddBuff" buff="buffSunItBurns">
					<requirement name="CVarCompare" cvar="_lightlevel" operation="GTE" value="61"/>
					<requirement name="!IsNight"/>
					<requirement name="!IsIndoors"/>
					<requirement name="!IsRainy"/>
					<requirement name="!IsStormy"/>
					<requirement name="!HasBuff" buff="buffNewbieCoat"/>
					<requirement name="!HasBuff" buff="buffSunscreen"/>
					<requirement name="!HasBuff" buff="buffElementWet"/>
				</triggered_effect>
				<triggered_effect trigger="onSelfBuffUpdate" action="RemoveBuff" buff="buffSunItBurns">
					<requirement name="CVarCompare" cvar="_lightlevel" operation="LTE" value="60"/>
					<requirement name="!IsNight"/>
					<requirement name="!IsIndoors"/>
					<requirement name="!IsRainy"/>
					<requirement name="!IsStormy"/>
					<requirement name="!HasBuff" buff="buffNewbieCoat"/>
					<requirement name="!HasBuff" buff="buffSunscreen"/>
					<requirement name="!HasBuff" buff="buffElementWet"/>
				</triggered_effect>
				<triggered_effect trigger="onSelfBuffUpdate" action="RemoveBuff" buff="buffSunItBurns">
					<requirement name="IsNight"/>
				</triggered_effect>
				<triggered_effect trigger="onSelfBuffUpdate" action="RemoveBuff" buff="buffSunItBurns">
					<requirement name="IsIndoors"/>
				</triggered_effect>
			</effect_group>
		</buff>
	</insertBefore>
	
	<set xpath="/buffs/buff[@name='buffNewbieCoat']">
		<stack_type value="ignore"/>
		<effect_group>
			<requirement name="PlayerLevel" operation="LTE" value="2"/>
				<passive_effect name="ExpDeficitPerDeathPercentage" operation="base_set" value="0"/>
				<passive_effect name="ExpDeficitMaxPercentage" operation="base_set" value="0"/>
		</effect_group>

		<effect_group>
			<triggered_effect trigger="onSelfBuffUpdate" action="RemoveBuff" buff="buffNewbieCoat">
				<requirement name="PlayerLevel" operation="GT" value="2"/>
			</triggered_effect>

			<!-- Taking care of food/water not being maxed with all the game start / initial chunk generation -->
			<passive_effect name="WaterChangeOT" operation="base_add" value="2,2" duration="0,20"/>
			<passive_effect name="FoodChangeOT" operation="base_add" value="2,2" duration="0,20"/>
			<passive_effect name="HealthChangeOT" operation="base_add" value="2,2" duration="0,20"/>
		</effect_group>
	</set>
	
	<append xpath="/buffs">
		<buff name="buffSunItBurns" name_key="buffSunItBurnsName" description_key="buffSunItBurnsDesc" tooltip_key="buffSunItBurnsTooltip" icon="ui_game_symbol_clock" icon_color="255,0,0" icon_blink="true"> 
			<damage_type value="bloodloss"/>
			<stack_type value="ignore"/>
			<update_rate value="2.5"/>
			<effect_group> <!--
				<requirement name="!HasBuff" buff="buffNewbieCoat"/> 				-->	
					<triggered_effect trigger="onSelfBuffStart" action="ModifyStats" stat="Health" operation="subtract" value="15">
					</triggered_effect>

					<triggered_effect trigger="onSelfBuffUpdate" action="ModifyStats" stat="Health" operation="subtract" value="15">
					</triggered_effect>
					
					<triggered_effect trigger="onSelfBuffStart" action="PlaySound" target="self" sound="Player_Male/player1painlg">
						<requirement name="IsMale"/>
					</triggered_effect>
					<triggered_effect trigger="onSelfBuffUpdate" action="PlaySound" target="self" sound="Player_Male/player1painlg">
						<requirement name="IsMale"/>
					</triggered_effect>
					
					<triggered_effect trigger="onSelfBuffStart" action="PlaySound" target="self" sound="Player_Female/player2painlg">
						<requirement name="!IsMale"/>
					</triggered_effect>
					<triggered_effect trigger="onSelfBuffUpdate" action="PlaySound" target="self" sound="Player_Female/player2painlg">
						<requirement name="!IsMale"/>
					</triggered_effect>

					<triggered_effect trigger="onSelfBuffUpdate" action="ModifyScreenEffect" intensity="1" fade=".7" effect_name="Hot">
						<requirement name="CVarCompare" cvar="RadiationSignal" operation="Equals" value="1"/>
					</triggered_effect>
					<triggered_effect trigger="onSelfBuffUpdate" action="ModifyScreenEffect" intensity="0" fade=".7" effect_name="Hot">
						<requirement name="CVarCompare" cvar="RadiationSignal" operation="Equals" value="0"/>
					</triggered_effect>

					<triggered_effect trigger="onSelfBuffStart" action="ModifyScreenEffect" effect_name="Blur" intensity=".6" fade="0.5"/>
					<triggered_effect trigger="onSelfBuffRemove" action="ModifyScreenEffect" effect_name="Blur" intensity="0" fade="1"/>
					<triggered_effect trigger="onSelfDied" action="ModifyScreenEffect" effect_name="Infected" intensity="0" fade="0"/>
			</effect_group>
			
			<effect_group name="run particles, cleanup">
				<triggered_effect trigger="onSelfBuffStart" action="AttachParticleEffectToEntity" particle="p_onFire" local_offset="0,0,0" parent_transform="LOD0" shape_mesh="true"/>
				<triggered_effect trigger="onSelfEnteredGame" action="AttachParticleEffectToEntity" particle="p_onFire" local_offset="0,0,0" parent_transform="LOD0" shape_mesh="true"/>

				<triggered_effect trigger="onSelfBuffRemove" action="RemoveParticleEffectFromEntity" particle="p_onFire"/>
				<triggered_effect trigger="onSelfDied" action="RemoveParticleEffectFromEntity" particle="p_onFire"/>

				<triggered_effect trigger="onSelfBuffStart" action="PlaySound" sound="buff_burn_lp"/>
				<triggered_effect trigger="onSelfBuffRemove" action="StopSound" sound="buff_burn_lp"/>
				<triggered_effect trigger="onSelfBuffRemove" action="PlaySound" sound="buff_burn_extinguish"/>
			</effect_group>
		</buff>
		
		<buff name="buffSunscreen" name_key="buffSunscreenName" description_key="buffSunscreenDesc" tooltip_key="buffSunscreenTooltip" icon="ui_game_symbol_hot" icon_color="0,51,153" >
			<stack_type value="replace"/> 
			<duration value="900"/> 
			<display_value value="$buffAntiradDisplay"/><display_value_format value="time"/>
			<update_rate value="1"/>
			<effect_group>
				<triggered_effect trigger="onSelfBuffStart" action="ModifyCVar" cvar="$buffAntiradDisplay" operation="set" value="300"/>
				<triggered_effect trigger="onSelfBuffUpdate" action="ModifyCVar" cvar="$buffAntiradDisplay" operation="subtract" value="1"/>
			</effect_group>
		</buff>
	</append>
</configs>

