<config>
	<set xpath="/entitygroups/entitygroup[@name='ZombiesAll']">
		<entity name="zombieBurnt" prob="15"/>
		<entity name="zombieBoe" prob="1"/>
		<entity name="zombieJoe" prob="1"/>
		<entity name="zombieSteve" prob="1"/>
		<entity name="zombieTomClark" prob="1"/>
		<entity name="zombieMoe" prob="1"/>
		<entity name="zombieYo" prob="1"/>
		<entity name="zombieBusinessMan" prob="1"/>
		<entity name="zombieArlene" prob="1"/>
		<entity name="zombieDarlene" prob="1"/>
		<entity name="zombieMarlene" prob="1"/>
		<entity name="zombieSkateboarder" prob="1"/>
		<entity name="zombieBiker" prob="0.3"/>
		<entity name="zombiePartyGirl" prob="0.3"/>
		<entity name="zombieUtilityWorker" prob="0.3"/>
		<entity name="zombieJanitor" prob="0.2"/>
		<entity name="zombieNurse" prob="0.3"/>
		<entity name="zombieSteveCrawler" prob="1"/>
		<entity name="zombieFatHawaiian" prob="0.3"/>
	</set>
	<set xpath="/entitygroups/entitygroup[@name='ZombiesNight']">	
		<entity name="zombieBurnt" prob="15"/>
		<entity name="zombieBurntFeral" prob="2.5"/>
		<entity name="zombieSpider" prob="1"/>
		<entity name="zombieSpiderFeral" prob=".25"/>
		<entity name="zombieBoe" prob="1"/>
		<entity name="zombieBoeFeral" prob=".25"/>
		<entity name="zombieJoe" prob="1"/>
		<entity name="zombieJoeFeral" prob=".25"/>
		<entity name="zombieSteve" prob="1"/>
		<entity name="zombieTomClark" prob="1"/>
		<entity name="zombieSteveFeral" prob=".25"/>
		<entity name="zombieTomClarkFeral" prob=".25"/>
		<entity name="zombieMoe" prob="1"/>
		<entity name="zombieMoeFeral" prob=".25"/>
		<entity name="zombieYo" prob="1"/>
		<entity name="zombieYoFeral" prob=".25"/>
		<entity name="zombieBusinessMan" prob="1"/>
		<entity name="zombieBusinessManFeral" prob=".25"/>
		<entity name="zombieArlene" prob="1"/>
		<entity name="zombieArleneFeral" prob=".25"/>
		<entity name="zombieDarlene" prob="1"/>
		<entity name="zombieDarleneFeral" prob=".25"/>
		<entity name="zombieMarlene" prob="1"/>
		<entity name="zombieMarleneFeral" prob=".25"/>
		<entity name="zombieNurse" prob="1"/>
		<entity name="zombieNurseFeral" prob=".25"/>
		<entity name="animalZombieDog" prob="0.05"/>
		<entity name="zombieSteveCrawler" prob="1"/>
		<entity name="zombieFatHawaiian" prob="1"/>
		<entity name="zombieFatHawaiianFeral" prob=".25"/>
	</set>
	<set xpath="/entitygroups/entitygroup[@name='ZombiesDowntown']">
		<entity name="zombieBurnt" prob="15"/>
		<entity name="zombieBurntFeral" prob="2.5"/>
		<entity name="zombieSpider" prob="1"/>
		<entity name="zombieSpiderFeral" prob=".5"/>
		<entity name="zombieBoe" prob="1"/>
		<entity name="zombieBoeFeral" prob=".5"/>
		<entity name="zombieJoe" prob="1"/>
		<entity name="zombieJoeFeral" prob=".5"/>
		<entity name="zombieSteve" prob="1"/>
		<entity name="zombieSteveFeral" prob=".5"/>
		<entity name="zombieTomClark" prob="1"/>
		<entity name="zombieTomClarkFeral" prob=".5"/>
		<entity name="zombieMoe" prob="1"/>
		<entity name="zombieMoeFeral" prob=".5"/>
		<entity name="zombieYo" prob="1"/>
		<entity name="zombieYoFeral" prob=".5"/>
		<entity name="zombieBusinessMan" prob="1.5"/>
		<entity name="zombieBusinessManFeral" prob=".75"/>
		<entity name="zombieArlene" prob="1"/>
		<entity name="zombieArleneFeral" prob=".5"/>
		<entity name="zombieDarlene" prob="1"/>
		<entity name="zombieDarleneFeral" prob=".5"/>
		<entity name="zombieMarlene" prob="1"/>
		<entity name="zombieMarleneFeral" prob=".5"/>
		<entity name="zombieNurse" prob="1"/>
		<entity name="zombieNurseFeral" prob=".5"/>
		<entity name="zombiePartyGirl" prob="1"/>
		<entity name="zombiePartyGirlFeral" prob=".5"/>
		<entity name="zombieFatHawaiian" prob="1"/>
		<entity name="zombieFatHawaiianFeral" prob=".5"/>
		<entity name="zombieSteveCrawlerFeral" prob=".5"/>
		<entity name="zombieFatCop" prob=".5"/>
		<entity name="zombieFatCopFeral" prob=".25"/>
		<entity name="zombieSoldier" prob=".5"/>
		<entity name="zombieSoldierFeral" prob=".25"/>
		<entity name="zombieWightFeral" prob=".2"/>
		<entity name="zombieDemolition" prob=".02"/>
		<entity name="animalZombieDog" prob=".4"/>
		<entity name="animalWolf" prob=".4"/>
		<entity name="animalDireWolf" prob=".05"/>
	</set>
	<set xpath="/entitygroups/entitygroup[@name='ZombiesWasteland']">
		<entity name="zombieBurntFeral" prob="5"/>
		<entity name="zombieBurnt" prob="2.5"/>
		<entity name="zombieMutated" prob="2"/>
		<entity name="zombieSpider" prob="2"/>
		<entity name="zombieBoe" prob="1"/>
		<entity name="zombieJoe" prob="1"/>
		<entity name="zombieSteve" prob="1"/>
		<entity name="zombieTomClark" prob="1"/>
		<entity name="zombieMoe" prob="1"/>
		<entity name="zombieYo" prob="1"/>
		<entity name="zombieBusinessMan" prob="1"/>
		<entity name="zombieArlene" prob="1"/>
		<entity name="zombieDarlene" prob="1"/>
		<entity name="zombieMarlene" prob="1"/>
		<entity name="zombieNurse" prob="1"/>
		<entity name="zombieSteveCrawler" prob="1"/>
		<entity name="zombieFemaleFat" prob="2"/>
		<entity name="zombieFatCop" prob="2"/>
		<entity name="zombieBurnt" prob="2"/>
		<entity name="zombieMaleHazmat" prob="2"/>
		<entity name="zombieFatHawaiian" prob="2"/>
		<entity name="zombieSoldier" prob="2"/>
	</set>
	<set xpath="/entitygroups/entitygroup[@name='ZombiesWastelandNight']">
		<entity name="zombieBurntFeral" prob="5"/>
		<entity name="zombieMutatedFeral" prob="2"/>
		<entity name="zombieSpiderFeral" prob="2"/>
		<entity name="zombieBoeFeral" prob="1"/>
		<entity name="zombieJoeFeral" prob="1"/>
		<entity name="zombieSteveFeral" prob="1"/>
		<entity name="zombieTomClarkFeral" prob="1"/>
		<entity name="zombieMoeFeral" prob="1"/>
		<entity name="zombieYoFeral" prob="1"/>
		<entity name="zombieBusinessManFeral" prob="1"/>
		<entity name="zombieArleneFeral" prob="1"/>
		<entity name="zombieDarleneFeral" prob="1"/>
		<entity name="zombieMarleneFeral" prob="1"/>
		<entity name="zombieNurseFeral" prob="1"/>
		<entity name="zombieSteveCrawlerFeral" prob="1"/>
		<entity name="zombieFemaleFatFeral" prob="2"/>
		<entity name="zombieFatCopFeral" prob="2"/>
		<entity name="zombieBurntFeral" prob="2"/>
		<entity name="zombieWightFeral" prob="2"/>
		<entity name="zombieMaleHazmatFeral" prob="2"/>
		<entity name="zombieFatHawaiianFeral" prob="2"/>
		<entity name="zombieSoldierFeral" prob="2"/>
	</set>
	<set xpath="/entitygroups/entitygroup[@name='ZombiesWastelandDowntown']">
		<entity name="zombieBurntFeral" prob="5"/>
		<entity name="zombieMutated" prob="2"/>
		<entity name="zombieMutatedFeral" prob="1"/>
		<entity name="zombieSpider" prob="2"/>
		<entity name="zombieSpiderFeral" prob="1"/>
		<entity name="zombieBurnt" prob="2"/>
		<entity name="zombieBurntFeral" prob="1"/>
		<entity name="zombieMaleHazmat" prob="2"/>
		<entity name="zombieMaleHazmatFeral" prob="1"/>
		<entity name="zombieBoe" prob="1"/>
		<entity name="zombieBoeFeral" prob=".5"/>
		<entity name="zombieJoe" prob="1"/>
		<entity name="zombieJoeFeral" prob=".5"/>
		<entity name="zombieSteve" prob="1"/>
		<entity name="zombieSteveFeral" prob=".5"/>
		<entity name="zombieTomClark" prob="1"/>
		<entity name="zombieTomClarkFeral" prob=".5"/>
		<entity name="zombieMoe" prob="1"/>
		<entity name="zombieMoeFeral" prob=".5"/>
		<entity name="zombieYo" prob="1"/>
		<entity name="zombieYoFeral" prob=".5"/>
		<entity name="zombieBusinessMan" prob="2"/>
		<entity name="zombieBusinessManFeral" prob="1"/>
		<entity name="zombieArlene" prob="1"/>
		<entity name="zombieArleneFeral" prob=".5"/>
		<entity name="zombieDarlene" prob="1"/>
		<entity name="zombieDarleneFeral" prob=".5"/>
		<entity name="zombieMarlene" prob="1"/>
		<entity name="zombieMarleneFeral" prob=".5"/>
		<entity name="zombieNurse" prob="1"/>
		<entity name="zombieNurseFeral" prob=".5"/>
		<entity name="zombiePartyGirl" prob="1"/>
		<entity name="zombiePartyGirlFeral" prob=".5"/>
		<entity name="zombieFatHawaiian" prob="1"/>
		<entity name="zombieFatHawaiianFeral" prob=".5"/>
		<entity name="zombieSteveCrawlerFeral" prob=".5"/>
		<entity name="zombieFatCop" prob="1"/>
		<entity name="zombieFatCopFeral" prob=".5"/>
		<entity name="zombieSoldier" prob="1"/>
		<entity name="zombieSoldierFeral" prob=".5"/>
		<entity name="zombieWightFeral" prob=".5"/>
		<entity name="zombieDemolition" prob=".05"/>
		<entity name="animalZombieDog" prob=".8"/>
		<entity name="animalWolf" prob=".8"/>
		<entity name="animalDireWolf" prob=".1"/>
	</set>
</config>