<khaine>
	<append xpath="/items">
		<item name="sunblocker"> 
			<property name="Extends" value="medicalAloeCream"/> 
			<property name="CreativeMode" value="Player"/> 
			<property name="CustomIcon" value="medicalAloeCream"/> 
			<property name="CustomIconTint" value="afffaf"/> 
			<property name="DescriptionKey" value="sunblockerDesc"/>
			<property name="Tags" value="medical"/>
			<property name="DisplayType" value="medical"/>
			<property name="HoldType" value="64"/>
			<property name="Meshfile" value="#Other/Items?Health/bandage.fbx"/>
			<property name="DropMeshfile" value="#Other/Items?Misc/sack_droppedPrefab.prefab"/>
			<property name="Material" value="Morganic"/>
			<property name="EconomicValue" value="1000"/>
			<property name="Stacknumber" value="15"/> <!-- STK medical -->
			<property name="Group" value="Science,CFChemicals,Medical"/>

			<property class="Action0">
				<property name="Class" value="Eat"/>
				<property name="Delay" value="1.0"/>
				<property name="Use_time" value="..."/>
				<property name="Sound_start" value="player_ointment"/>
			</property>
			
			<effect_group tiered="false"> 
				<triggered_effect trigger="onSelfPrimaryActionEnd" action="AddBuff" buff="buffSunscreen"/>
				<triggered_effect trigger="onSelfPrimaryActionEnd" action="RemoveBuff" buff="buffSunItBurns"/>
			</effect_group>
		</item>
	</append>
</khaine>
