<config>
	<set xpath="/spawning/biome[@name='desert']">
		<spawn maxcount="3" respawndelay="2.7" time="Any" entitygroup="ZombiesAll" notags="commercial,industrial,downtown" />
		<spawn maxcount="3" respawndelay="2.1" time="Night" entitygroup="ZombiesNight" notags="commercial,industrial,downtown" />
		
		<spawn maxcount="5" respawndelay="0.2" time="Day" entitygroup="ZombiesAll" tags="commercial,industrial" notags="downtown" />
		<spawn maxcount="5" respawndelay="0.1" time="Night" entitygroup="ZombiesNight" tags="commercial,industrial" notags="downtown" />

		<spawn maxcount="7" respawndelay="0.2" time="Day" entitygroup="ZombiesDowntown" tags="downtown" />
		<spawn maxcount="7" respawndelay="0.09" time="Night" entitygroup="ZombiesDowntown" tags="downtown" />
		
		<spawn maxcount="1" respawndelay="1" time="Any" entitygroup="WildGameForest" spawnDeadChance="0" />
		<spawn maxcount="1" respawndelay="3.5" time="Any" entitygroup="EnemyAnimalsDesert" spawnDeadChance="0" />
	</set>
	
	<set xpath="/spawning/biome[@name='wasteland']">
		<spawn maxcount="3" respawndelay="0.3" time="Day"	entitygroup="ZombiesWasteland" notags="commercial,industrial,downtown" />
		<spawn maxcount="4" respawndelay="0.001" time="Night" entitygroup="ZombiesWastelandNight" notags="commercial,industrial,downtown" />

		<spawn maxcount="6" respawndelay="0.033" time="Day" entitygroup="ZombiesWasteland" tags="commercial,industrial" notags="downtown" />
		<spawn maxcount="6" respawndelay="0.002" time="Night" entitygroup="ZombiesWastelandNight" tags="commercial,industrial" notags="downtown" />

		<spawn maxcount="8" respawndelay="0.0167" time="Day" entitygroup="ZombiesWastelandDowntown" tags="downtown" />
		<spawn maxcount="8" respawndelay="0.002" time="Night" entitygroup="ZombiesWastelandDowntown" tags="downtown" />

		<spawn maxcount="1" respawndelay="0.3" time="Any" entitygroup="EnemyAnimalsWasteland" spawnDeadChance="0" />
	</set>
</config>