<config>
	<set xpath="/traders/trader_item_groups/trader_item_group[@name='rareMedicine']">
		<item name="medicalFirstAidKit"/>
		<item name="toolBeaker"/>
		<item name="drugAntibiotics"/>
		<item name="drugFortBites"/>
		<item name="drugRecog"/>
		<item name="drugSteroids"/>
		<item name="drinkJarGrandpasMoonshine"/>
		<item name="drinkJarGrandpasAwesomeSauce"/>
		<item name="drinkJarGrandpasLearningElixir"/>
		<item name="apparelCigar"/>
		<item name="sunblocker"/>		
	</set>
</config>